{"date":"27/04/2020_03:51:03","record":{"agent":"UGRStudent387","status":"CREATED"}}
{"date":"27/04/2020_03:51:05","record":{"agent":"UGRStudent387","status":"INITIATED"}}
{"date":"27/04/2020_03:51:05","record":{"agent":"UGRStudent387","status":"Checking-in in the platform"}}
{"date":"27/04/2020_03:51:05","record":{"agent":"UGRStudent387","status":"Sending ACLM","body":{"performative":"SUBSCRIBE","sender":"UGRStudent387","receiver":"IdentityManager","protocol":"","conversation":"CheckIn","in-reply-to":"","reply-with":"2.138.46.220","content":""}}}
{"date":"27/04/2020_03:51:05","record":{"agent":"UGRStudent387","status":"Receiving ACLM","body":{"performative":"CONFIRM","sender":"IdentityManager","receiver":"UGRStudent387","protocol":"","conversation":"CheckIn","in-reply-to":"2.138.46.220","reply-with":"","content":{"result":"OK"}}}}
{"date":"27/04/2020_03:51:05","record":{"agent":"UGRStudent387","status":"Checked-in in the platform"}}
{"date":"27/04/2020_03:51:05","record":{"agent":"UGRStudent387","status":"EXECUTING"}}
{"date":"27/04/2020_03:51:05","record":{"agent":"UGRStudent387","status":"Checking existing files..."}}
{"date":"27/04/2020_03:51:05","record":{"agent":"UGRStudent387","status":"No cardID found!"}}
{"date":"27/04/2020_03:51:05","record":{"agent":"UGRStudent387","status":"Found 1 htmls files "}}
{"date":"27/04/2020_03:51:05","record":{"agent":"UGRStudent387","status":"0) fake_anatoli.html is a valid Prado personal object"}}
{"date":"27/04/2020_03:51:05","record":{"agent":"UGRStudent387","status":"Found 1 valid Prado Objects"}}
{"date":"27/04/2020_03:51:11","record":{"agent":"UGRStudent387","status":"Checking existing files..."}}
{"date":"27/04/2020_03:51:11","record":{"agent":"UGRStudent387","status":"No cardID found!"}}
{"date":"27/04/2020_03:51:11","record":{"agent":"UGRStudent387","status":"Found 1 htmls files "}}
{"date":"27/04/2020_03:51:11","record":{"agent":"UGRStudent387","status":"0) fake_anatoli.html is a valid Prado personal object"}}
{"date":"27/04/2020_03:51:11","record":{"agent":"UGRStudent387","status":"Found 1 valid Prado Objects"}}
{"date":"27/04/2020_03:51:18","record":{"agent":"UGRStudent387","status":"Over!"}}
{"date":"27/04/2020_03:51:18","record":{"agent":"UGRStudent387","status":"ENDING"}}
{"date":"27/04/2020_03:51:18","record":{"agent":"UGRStudent387","status":"Checking-out in the platform"}}
{"date":"27/04/2020_03:51:18","record":{"agent":"UGRStudent387","status":"Sending ACLM","body":{"performative":"CANCEL","sender":"UGRStudent387","receiver":"IdentityManager","protocol":"","conversation":"CheckOut","in-reply-to":"","reply-with":"","content":""}}}
