{"date":"27/04/2020_04:24:37","record":{"agent":"UGRStudent128","status":"CREATED"}}
{"date":"27/04/2020_04:24:39","record":{"agent":"UGRStudent128","status":"INITIATED"}}
{"date":"27/04/2020_04:24:39","record":{"agent":"UGRStudent128","status":"Checking-in in the platform"}}
{"date":"27/04/2020_04:24:39","record":{"agent":"UGRStudent128","status":"Sending ACLM","body":{"performative":"SUBSCRIBE","sender":"UGRStudent128","receiver":"IdentityManager","protocol":"","conversation":"CheckIn","in-reply-to":"","reply-with":"2.138.46.220","content":""}}}
{"date":"27/04/2020_04:24:39","record":{"agent":"UGRStudent128","status":"Receiving ACLM","body":{"performative":"CONFIRM","sender":"IdentityManager","receiver":"UGRStudent128","protocol":"","conversation":"CheckIn","in-reply-to":"2.138.46.220","reply-with":"","content":{"result":"OK"}}}}
{"date":"27/04/2020_04:24:39","record":{"agent":"UGRStudent128","status":"Checked-in in the platform"}}
{"date":"27/04/2020_04:24:39","record":{"agent":"UGRStudent128","status":"EXECUTING"}}
{"date":"27/04/2020_04:24:39","record":{"agent":"UGRStudent128","status":"Checking existing files..."}}
{"date":"27/04/2020_04:24:39","record":{"agent":"UGRStudent128","status":"No cardID found!"}}
{"date":"27/04/2020_04:24:39","record":{"agent":"UGRStudent128","status":"No html found!"}}
{"date":"27/04/2020_04:24:53","record":{"agent":"UGRStudent128","status":"Checking existing files..."}}
{"date":"27/04/2020_04:24:53","record":{"agent":"UGRStudent128","status":"No cardID found!"}}
{"date":"27/04/2020_04:24:53","record":{"agent":"UGRStudent128","status":"Found 1 htmls files "}}
{"date":"27/04/2020_04:24:53","record":{"agent":"UGRStudent128","status":"0) fake_anatoli.html is a valid Prado personal object"}}
{"date":"27/04/2020_04:24:53","record":{"agent":"UGRStudent128","status":"Found 1 valid Prado Objects"}}
{"date":"27/04/2020_04:25:16","record":{"agent":"UGRStudent128","status":"Checking existing files..."}}
{"date":"27/04/2020_04:25:16","record":{"agent":"UGRStudent128","status":"No cardID found!"}}
{"date":"27/04/2020_04:25:16","record":{"agent":"UGRStudent128","status":"Found 1 htmls files "}}
{"date":"27/04/2020_04:25:16","record":{"agent":"UGRStudent128","status":"0) fake_anatoli.html is a valid Prado personal object"}}
{"date":"27/04/2020_04:25:16","record":{"agent":"UGRStudent128","status":"Found 1 valid Prado Objects"}}
{"date":"27/04/2020_04:25:19","record":{"agent":"UGRStudent128","status":"Over!"}}
{"date":"27/04/2020_04:25:19","record":{"agent":"UGRStudent128","status":"ENDING"}}
{"date":"27/04/2020_04:25:19","record":{"agent":"UGRStudent128","status":"Checking-out in the platform"}}
{"date":"27/04/2020_04:25:19","record":{"agent":"UGRStudent128","status":"Sending ACLM","body":{"performative":"CANCEL","sender":"UGRStudent128","receiver":"IdentityManager","protocol":"","conversation":"CheckOut","in-reply-to":"","reply-with":"","content":""}}}
