{"date":"27/04/2020_04:26:08","record":{"agent":"UGRStudent663","status":"CREATED"}}
{"date":"27/04/2020_04:26:10","record":{"agent":"UGRStudent663","status":"INITIATED"}}
{"date":"27/04/2020_04:26:10","record":{"agent":"UGRStudent663","status":"Checking-in in the platform"}}
{"date":"27/04/2020_04:26:10","record":{"agent":"UGRStudent663","status":"Sending ACLM","body":{"performative":"SUBSCRIBE","sender":"UGRStudent663","receiver":"IdentityManager","protocol":"","conversation":"CheckIn","in-reply-to":"","reply-with":"2.138.46.220","content":""}}}
{"date":"27/04/2020_04:26:10","record":{"agent":"UGRStudent663","status":"Receiving ACLM","body":{"performative":"CONFIRM","sender":"IdentityManager","receiver":"UGRStudent663","protocol":"","conversation":"CheckIn","in-reply-to":"2.138.46.220","reply-with":"","content":{"result":"OK"}}}}
{"date":"27/04/2020_04:26:10","record":{"agent":"UGRStudent663","status":"Checked-in in the platform"}}
{"date":"27/04/2020_04:26:10","record":{"agent":"UGRStudent663","status":"EXECUTING"}}
{"date":"27/04/2020_04:26:10","record":{"agent":"UGRStudent663","status":"Checking existing files..."}}
{"date":"27/04/2020_04:26:10","record":{"agent":"UGRStudent663","status":"No cardID found!"}}
{"date":"27/04/2020_04:26:10","record":{"agent":"UGRStudent663","status":"No html found!"}}
{"date":"27/04/2020_04:26:25","record":{"agent":"UGRStudent663","status":"Checking existing files..."}}
{"date":"27/04/2020_04:26:25","record":{"agent":"UGRStudent663","status":"No cardID found!"}}
{"date":"27/04/2020_04:26:25","record":{"agent":"UGRStudent663","status":"Found 1 htmls files "}}
{"date":"27/04/2020_04:26:25","record":{"agent":"UGRStudent663","status":"0) fake_anatoli.html is a valid Prado personal object"}}
{"date":"27/04/2020_04:26:25","record":{"agent":"UGRStudent663","status":"Found 1 valid Prado Objects"}}
{"date":"27/04/2020_04:26:25","record":{"agent":"UGRStudent663","status":"Reclaiming ID for ANATOLI GRISHENKO"}}
{"date":"27/04/2020_04:26:25","record":{"agent":"UGRStudent663","status":"Sending ACLM","body":{"performative":"QUERY-REF","sender":"UGRStudent663","receiver":"IdentityManager","protocol":"","conversation":"Reclaim id","in-reply-to":"","reply-with":"Reclaim id","content":{"data":{"name":"ANATOLI GRISHENKO","pradoid":103,"email":"anatoli.grishenko@gmail.com","dni":"NIF","ip":"2.138.46.220","agent":"UGRStudent663"}}}}}
{"date":"27/04/2020_04:26:28","record":{"agent":"UGRStudent663","status":"Receiving ACLM","body":{"performative":"INFORM","sender":"IdentityManager","receiver":"UGRStudent663","protocol":"","conversation":"Reclaim id","in-reply-to":"Reclaim id","reply-with":"","content":{"result":"ok","encoded":true,"cardid":"ñvlô`d\u0004S&±SOµ\u00060\u0017\u000eóuae¶\rX©àÐºJ¼ßëK²#¬k\u0013i½êyÏ{ËôPoé \u0005·\u0013Önóss¥ÕÃM*8ójVaä½J\u001ay¦*Awê³ïÆx -7e×\u0002ó÷\u001e-¤Un|tP±´W$ÛæÓtòò#æ_Y8\u0017rv¤\u0014ªìH\u0000aê¢n ² ¹ÆH-\u0012ç4ð\n7·Uz©ÐTXE´Ð(bà[¦á»¦/>!SëIi=jÀï,ËW¦MÎþpüíÙ¥#@ù=\u001aê×ÕÖKPO(¡Êì©pÌ¦&5%ögÈ°Fb\\ïÏHN>\u00135-Ë\u0005Ú[#yB\u001e9âï\u001a o÷¡¢2R3/+lî´¿\u00196\u0001o1m\u0003¶¼V \u0007Ý\u000fnX÷jµ\u0007¯Q4L\u0013×å©}}ôÛ\u0003x¡mQ\rÀ\u000f½ÁÃ§u-£kZ\u001f\u0019Ì·ÚÝêì¸¡Ë\t\u0004Þ¨x1ã½6QVX4'VF;A»¹ZÄÃ}A]Yg²\u001bËsÄQûd\tì?Þ,\u0010e /q7I1¼ö{\u0010cÍ]>¢ò?\u000c\u0010^m\rQÊ$·à·3\u001d¿?£GøuËî1Äø85eTJ*J\u001fi×ä¼E´\u0018\u0017Ú"}}}}
{"date":"27/04/2020_04:26:48","record":{"agent":"UGRStudent663","status":"Got valid ID for ANATOLI GRISHENKO"}}
{"date":"27/04/2020_04:26:48","record":{"agent":"UGRStudent663","status":"Saved ID for ANATOLI GRISHENKO"}}
{"date":"27/04/2020_04:26:55","record":{"agent":"UGRStudent663","status":"Activating ID for ANATOLI GRISHENKO"}}
{"date":"27/04/2020_04:26:55","record":{"agent":"UGRStudent663","status":"Sending ACLM","body":{"performative":"QUERY-IF","sender":"UGRStudent663","receiver":"IdentityManager","protocol":"","conversation":"Check ID","in-reply-to":"","reply-with":"Check ID","content":{"data":{"name":"ANATOLI GRISHENKO","pradoid":103,"email":"anatoli.grishenko@gmail.com","dni":"NIF","ip":"2.138.46.220","agent":"UGRStudent663"},"mycardid":{"shortid":"eVkAdQA4VvIaGKA3","cardid":"\u001bÀhNCoõû'Ó)\u0018;*;Ú\u0013©F\u0015\u0018K\u001cÌB\u00113¯kõC~Úæã\u00009{ \u0014©-\u001c¨¶ã±\u0000\t¢|`Î\u0019¾'.È4ïaº\u0019ÃÚ\u001b\u0005n\u00076K,\u0019¡hêÄ«\u0002> ®\u0018Qlö:a'à\u0011¼ÏJ\u0011p\u0005í¦\u0004¯Ò:A\u001b7\u0003m\u000b¾\u0010GÓ\u001a?X\u0016²\u001dAÖsæ£cþ-<òâ]Tò\n41k©ç¼bÞ\u0014ÿ¡rÛä#o ¡0IK%ãF§\u0019EÓü]#Ô\u0012¾2Úß\"K\u0014ß×ø/Â×\u0006VX\u0008ìß6 Ã-2>Ñ"}}}}}
{"date":"27/04/2020_04:26:55","record":{"agent":"UGRStudent663","status":"Receiving ACLM","body":{"performative":"CONFIRM","sender":"IdentityManager","receiver":"UGRStudent663","protocol":"","conversation":"Check ID","in-reply-to":"Check ID","reply-with":"","content":{"result":"OK"}}}}
{"date":"27/04/2020_04:26:55","record":{"agent":"UGRStudent663","status":"Got valid ID for ANATOLI GRISHENKO"}}
{"date":"27/04/2020_04:26:55","record":{"agent":"UGRStudent663","status":"Sending ACLM","body":{"performative":"QUERY-REF","sender":"UGRStudent663","receiver":"CourseManager","protocol":"","conversation":"Status","in-reply-to":"","reply-with":"Status","content":""}}}
{"date":"27/04/2020_04:26:55","record":{"agent":"UGRStudent663","status":"Receiving ACLM","body":{"performative":"INFORM","sender":"CourseManager","receiver":"UGRStudent663","protocol":"","conversation":"Status","in-reply-to":"Status","reply-with":"","content":{"courses":[{"pradoid":12913,"title":"METODOLOGÍA DE LA PROGRAMACIÓN - 1920 (COMÚN)","assignments":[{"pradoid":161643,"title":"Entrega de la Práctica 1","isactive":false},{"pradoid":161662,"title":"Entrega de la Práctica 2","isactive":false},{"pradoid":161651,"title":"Examen de laboratorio","isactive":true,"uploaded":"27_04_2020_03_37_24_ANATOLI_GRISHENKO_161651.png"},{"pradoid":101,"title":"Prueba de la aplicación","isactive":true,"uploaded":"27_04_2020_03_37_35_ANATOLI_GRISHENKO_101.png"}]},{"pradoid":100,"title":"AYUDANDO A PAPA ","assignments":[{"pradoid":100,"title":"Examen de papa","isactive":true,"uploaded":"26_04_2020_23_59_05_ANATOLI_GRISHENKO_100.png"}]}]}}}}
{"date":"27/04/2020_04:26:55","record":{"agent":"UGRStudent663","status":"Recibido contenido"}}
{"date":"27/04/2020_04:27:36","record":{"agent":"UGRStudent663","status":"Sending ACLM","body":{"performative":"QUERY-REF","sender":"UGRStudent663","receiver":"CourseManager","protocol":"","conversation":"Status","in-reply-to":"","reply-with":"Status","content":""}}}
{"date":"27/04/2020_04:27:36","record":{"agent":"UGRStudent663","status":"Receiving ACLM","body":{"performative":"INFORM","sender":"CourseManager","receiver":"UGRStudent663","protocol":"","conversation":"Status","in-reply-to":"Status","reply-with":"","content":{"courses":[{"pradoid":12913,"title":"METODOLOGÍA DE LA PROGRAMACIÓN - 1920 (COMÚN)","assignments":[{"pradoid":161643,"title":"Entrega de la Práctica 1","isactive":false},{"pradoid":161662,"title":"Entrega de la Práctica 2","isactive":false},{"pradoid":161651,"title":"Examen de laboratorio","isactive":true,"uploaded":"27_04_2020_03_37_24_ANATOLI_GRISHENKO_161651.png"},{"pradoid":101,"title":"Prueba de la aplicación","isactive":true,"uploaded":"27_04_2020_03_37_35_ANATOLI_GRISHENKO_101.png"}]},{"pradoid":100,"title":"AYUDANDO A PAPA ","assignments":[{"pradoid":100,"title":"Examen de papa","isactive":true,"uploaded":"26_04_2020_23_59_05_ANATOLI_GRISHENKO_100.png"}]}]}}}}
{"date":"27/04/2020_04:27:36","record":{"agent":"UGRStudent663","status":"Recibido contenido"}}
{"date":"27/04/2020_04:27:46","record":{"agent":"UGRStudent663","status":"Over!"}}
{"date":"27/04/2020_04:27:46","record":{"agent":"UGRStudent663","status":"ENDING"}}
{"date":"27/04/2020_04:27:46","record":{"agent":"UGRStudent663","status":"Checking-out in the platform"}}
{"date":"27/04/2020_04:27:46","record":{"agent":"UGRStudent663","status":"Sending ACLM","body":{"performative":"CANCEL","sender":"UGRStudent663","receiver":"IdentityManager","protocol":"","conversation":"CheckOut","in-reply-to":"","reply-with":"","content":""}}}
